AB699640	Fungi;Basidiomycota;Agaricomycetes;Agaricales;Tricholomataceae;Tricholoma;Tricholoma_matsutake
AF126100	Fungi;Basidiomycota;Agaricomycetes;Agaricales;Hymenogastraceae;Hebeloma;Hebeloma_mesophaeum
AF325643	Fungi;Basidiomycota;Agaricomycetes;Agaricales;Hymenogastraceae;Hebeloma;Hebeloma_fastibile
AF357026	Fungi;Basidiomycota;Agaricomycetes;Agaricales;Lyophyllaceae;Calocybe;Calocybe_persicolor
AF357027	Fungi;Basidiomycota;Agaricomycetes;Agaricales;Lyophyllaceae;Calocybe;Calocybe_gambosa
AF357028	Fungi;Basidiomycota;Agaricomycetes;Agaricales;Lyophyllaceae;Calocybe;Calocybe_carnea
AF357029	Fungi;Basidiomycota;Agaricomycetes;Agaricales;Lyophyllaceae;Calocybe;Calocybe_ionides
AF357030	Fungi;Basidiomycota;Agaricomycetes;Agaricales;Lyophyllaceae;Calocybe;Calocybe_naucoria
AF357031	Fungi;Basidiomycota;Agaricomycetes;Agaricales;Lyophyllaceae;Calocybe;Calocybe_obscurissima
AF389164	Fungi;Basidiomycota;Agaricomycetes;Agaricales;Cortinariaceae;Cortinarius;Cortinarius_orellanus
AF389165	Fungi;Basidiomycota;Agaricomycetes;Agaricales;Cortinariaceae;Cortinarius;Cortinarius_rubellus
AF482830	Fungi;Basidiomycota;Agaricomycetes;Agaricales;Agaricaceae;Agaricus;Agaricus_californicus
AF482874	Fungi;Basidiomycota;Agaricomycetes;Agaricales;Agaricaceae;Leucoagaricus;Leucoagaricus_wychanskyi
AJ236064	Fungi;Basidiomycota;Agaricomycetes;Agaricales;Cortinariaceae;Cortinarius;Cortinarius_rubellus
AM882883	Fungi;Basidiomycota;Agaricomycetes;Agaricales;Inocybaceae;Inocybe;Inocybe_fuscidula
AM882884	Fungi;Basidiomycota;Agaricomycetes;Agaricales;Inocybaceae;Inocybe;Inocybe_fuscidula
AM882885	Fungi;Basidiomycota;Agaricomycetes;Agaricales;Hymenogastraceae;Naucoria;Naucoria_submelinoides
AM882886	Fungi;Basidiomycota;Agaricomycetes;Agaricales;Inocybaceae;Inocybe;Inocybe_fuscidula
AM882887	Fungi;Basidiomycota;Agaricomycetes;Agaricales;Inocybaceae;Inocybe;Inocybe_fuscidula
AM882888	Fungi;Basidiomycota;Agaricomycetes;Agaricales;Inocybaceae;Inocybe;Inocybe_fuscidula
AM882892	Fungi;Basidiomycota;Agaricomycetes;Agaricales;Inocybaceae;Inocybe;Inocybe_amethystina
AM882893	Fungi;Basidiomycota;Agaricomycetes;Agaricales;Inocybaceae;Inocybe;Inocybe_flocculosa
AM882896	Fungi;Basidiomycota;Agaricomycetes;Agaricales;Inocybaceae;Inocybe;Inocybe_sindonia
AM882906	Fungi;Basidiomycota;Agaricomycetes;Agaricales;Inocybaceae;Inocybe;Inocybe_cryptocystis
AM882996	Fungi;Basidiomycota;Agaricomycetes;Agaricales;Crepidotaceae;Crepidotus;Crepidotus_mollis
AY176432	Fungi;Basidiomycota;Agaricomycetes;Agaricales;Agaricaceae;Leucoagaricus;Leucoagaricus_sp._Thiele_2646
AY176442	Fungi;Basidiomycota;Agaricomycetes;Agaricales;Agaricaceae;Leucoagaricus;Leucoagaricus_sublittoralis
AY669595	Fungi;Basidiomycota;Agaricomycetes;Agaricales;Cortinariaceae;Cortinarius;Cortinarius_rubellus
AY899265	Fungi;Basidiomycota;Agaricomycetes;Agaricales;Agaricaceae;Agaricus;Agaricus_californicus
AY899271	Fungi;Basidiomycota;Agaricomycetes;Agaricales;Agaricaceae;Agaricus;Agaricus_xanthodermus
AY899273	Fungi;Basidiomycota;Agaricomycetes;Agaricales;Agaricaceae;Agaricus;Agaricus_xanthodermulus
AY899274	Fungi;Basidiomycota;Agaricomycetes;Agaricales;Agaricaceae;Agaricus;Agaricus_xanthodermulus
AY899275	Fungi;Basidiomycota;Agaricomycetes;Agaricales;Agaricaceae;Agaricus;Agaricus_xanthodermulus
AY899276	Fungi;Basidiomycota;Agaricomycetes;Agaricales;Agaricaceae;Agaricus;Agaricus_xanthodermulus
AY943975	Fungi;Basidiomycota;Agaricomycetes;Agaricales;Agaricaceae;Agaricus;Agaricus_laskibarii
DQ067580	Fungi;Basidiomycota;Agaricomycetes;Agaricales;Inocybaceae;Inocybe;Inocybe_splendens
DQ182509	Fungi;Basidiomycota;Agaricomycetes;Agaricales;Agaricaceae;Agaricus;Agaricus_californicus
DQ182518	Fungi;Basidiomycota;Agaricomycetes;Agaricales;Agaricaceae;Agaricus;Agaricus_iodosmus
DQ185561	Fungi;Basidiomycota;Agaricomycetes;Agaricales;Agaricaceae;Agaricus;Agaricus_moelleri
DQ185567	Fungi;Basidiomycota;Agaricomycetes;Agaricales;Agaricaceae;Agaricus;Agaricus_menieri
DQ389687	Fungi;Basidiomycota;Agaricomycetes;Agaricales;Psathyrellaceae;Psathyrella;Psathyrella_squamosa
DQ389690	Fungi;Basidiomycota;Agaricomycetes;Agaricales;Psathyrellaceae;Psathyrella;Psathyrella_fimiseda
DQ389697	Fungi;Basidiomycota;Agaricomycetes;Agaricales;Psathyrellaceae;Psathyrella;Psathyrella_umbrina
DQ389702	Fungi;Basidiomycota;Agaricomycetes;Agaricales;Psathyrellaceae;Psathyrella;Psathyrella_hirta
DQ389710	Fungi;Basidiomycota;Agaricomycetes;Agaricales;Psathyrellaceae;Psathyrella;Psathyrella_pennata
DQ389718	Fungi;Basidiomycota;Agaricomycetes;Agaricales;Psathyrellaceae;Psathyrella;Psathyrella_pygmaea
DQ389719	Fungi;Basidiomycota;Agaricomycetes;Agaricales;Psathyrellaceae;Psathyrella;Psathyrella_panaeoloides
DQ389722	Fungi;Basidiomycota;Agaricomycetes;Agaricales;Psathyrellaceae;Psathyrella;Psathyrella_olympiana
DQ404388	Fungi;Basidiomycota;Agaricomycetes;Agaricales;Agaricaceae;Agaricus;Agaricus_bisporus
EU363033	Fungi;Basidiomycota;Agaricomycetes;Agaricales;Agaricaceae;Agaricus;Agaricus_tlaxcalensis
EU784298	Fungi;Basidiomycota;Agaricomycetes;Agaricales;Hygrophoraceae;Hygrocybe;Hygrocybe_conica
EU784300	Fungi;Basidiomycota;Agaricomycetes;Agaricales;Hygrophoraceae;Hygrocybe;Hygrocybe_conica_var._conicoides
EU935543	Fungi;Basidiomycota;Agaricomycetes;Agaricales;Marasmiaceae;Marasmius;Marasmius_coklatus
FJ157088	Fungi;Basidiomycota;Agaricomycetes;Agaricales;Cortinariaceae;Cortinarius;Cortinarius_rubellus
FJ157090	Fungi;Basidiomycota;Agaricomycetes;Agaricales;Cortinariaceae;Cortinarius;Cortinarius_rubellus
FJ157142	Fungi;Basidiomycota;Agaricomycetes;Agaricales;Cortinariaceae;Cortinarius;Cortinarius_rubellus
FJ167656	Fungi;Basidiomycota;Agaricomycetes;Agaricales;Marasmiaceae;Crinipellis;Crinipellis_dipterocarpi
FJ481050	Fungi;Basidiomycota;Agaricomycetes;Agaricales;Agaricaceae;Leucoagaricus;Leucoagaricus_rubrotinctus
FJ904966	Fungi;Basidiomycota;Agaricomycetes;Agaricales;Marasmiaceae;Marasmius;Marasmius_brunneospermus
FJ904969	Fungi;Basidiomycota;Agaricomycetes;Agaricales;Marasmiaceae;Marasmius;Marasmius_brunneospermus
FJ904972	Fungi;Basidiomycota;Agaricomycetes;Agaricales;Marasmiaceae;Marasmius;Marasmius_nivicola
FJ904976	Fungi;Basidiomycota;Agaricomycetes;Agaricales;Marasmiaceae;Marasmius;Marasmius_maximus
FJ917622	Fungi;Basidiomycota;Agaricomycetes;Agaricales;Marasmiaceae;Marasmius;Marasmius_occultatus
FJ917624	Fungi;Basidiomycota;Agaricomycetes;Agaricales;Marasmiaceae;Marasmius;Marasmius_fusicystidiosus
FM208860	Fungi;Basidiomycota;Agaricomycetes;Agaricales;Hygrophoraceae;Hygrocybe;Hygrocybe_conica_var._conicoides
FM208861	Fungi;Basidiomycota;Agaricomycetes;Agaricales;Hygrophoraceae;Hygrocybe;Hygrocybe_conica_var._conicoides
FM208862	Fungi;Basidiomycota;Agaricomycetes;Agaricales;Hygrophoraceae;Hygrocybe;Hygrocybe_conica_var._conicoides
FM208878	Fungi;Basidiomycota;Agaricomycetes;Agaricales;Hygrophoraceae;Hygrocybe;Hygrocybe_conica_var._conica
FM208882	Fungi;Basidiomycota;Agaricomycetes;Agaricales;Hygrophoraceae;Hygrocybe;Hygrocybe_conica_var._conica
FN550931	Fungi;Basidiomycota;Agaricomycetes;Agaricales;Inocybaceae;Inocybe;Inocybe_griseovelata
GQ329041	Fungi;Basidiomycota;Agaricomycetes;Agaricales;Agaricaceae;Leucoagaricus;Leucoagaricus_littoralis
GQ329051	Fungi;Basidiomycota;Agaricomycetes;Agaricales;Agaricaceae;Leucoagaricus;Leucoagaricus_littoralis
GU266261	Fungi;Basidiomycota;Agaricomycetes;Agaricales;Marasmiaceae;Marasmius;Marasmius_cohaerens
HF546217	Fungi;Basidiomycota;Agaricomycetes;Agaricales;Marasmiaceae;Marasmius;Marasmius_oreades
HF546218	Fungi;Basidiomycota;Agaricomycetes;Agaricales;Marasmiaceae;Marasmius;Marasmius_albimyceliosus
HQ662166	Fungi;Basidiomycota;Agaricomycetes;Agaricales;Cortinariaceae;Cortinarius;Cortinarius_rubellus
JF907774	Fungi;Basidiomycota;Agaricomycetes;Agaricales;Lyophyllaceae;Calocybe;Calocybe_fallax
JF907775	Fungi;Basidiomycota;Agaricomycetes;Agaricales;Lyophyllaceae;Calocybe;Calocybe_gambosa
JF907780	Fungi;Basidiomycota;Agaricomycetes;Agaricales;Lyophyllaceae;Calocybe;Calocybe_ionides
JF907873	Fungi;Basidiomycota;Agaricomycetes;Agaricales;Cortinariaceae;Cortinarius;Cortinarius_rubellus
JF907883	Fungi;Basidiomycota;Agaricomycetes;Agaricales;Cortinariaceae;Cortinarius;Cortinarius_rubellus
JF907969	Fungi;Basidiomycota;Agaricomycetes;Agaricales;Marasmiaceae;Crinipellis;Crinipellis_scabella
JF908055	Fungi;Basidiomycota;Agaricomycetes;Agaricales;Hygrophoraceae;Hygrocybe;Hygrocybe_conica_var._conicoides
JF908060	Fungi;Basidiomycota;Agaricomycetes;Agaricales;Hygrophoraceae;Hygrocybe;Hygrocybe_pseudoconica
JN943604	Fungi;Basidiomycota;Agaricomycetes;Agaricales;Marasmiaceae;Marasmius;Marasmius_oreades
JN944081	Fungi;Basidiomycota;Agaricomycetes;Agaricales;Agaricaceae;Leucoagaricus;Leucoagaricus_rubrotinctus
JN944082	Fungi;Basidiomycota;Agaricomycetes;Agaricales;Agaricaceae;Leucoagaricus;Leucoagaricus_rubrotinctus
JX133167	Fungi;Basidiomycota;Agaricomycetes;Agaricales;Agaricaceae;Leucoagaricus;Leucoagaricus_rubrotinctus
JX827166	Fungi;Basidiomycota;Agaricomycetes;Agaricales;Agaricaceae;Leucoagaricus;Leucoagaricus_rubrotinctus
JX896446	Fungi;Basidiomycota;Agaricomycetes;Agaricales;Agaricaceae;Leucoagaricus;Leucoagaricus_vassiljevae
JX896447	Fungi;Basidiomycota;Agaricomycetes;Agaricales;Agaricaceae;Leucoagaricus;Leucoagaricus_vassiljevae
KC842418	Fungi;Basidiomycota;Agaricomycetes;Agaricales;Cortinariaceae;Cortinarius;Cortinarius_rubellus
KC992882	Fungi;Basidiomycota;Agaricomycetes;Agaricales;Psathyrellaceae;Psathyrella;Psathyrella_trinitatensis
KC992883	Fungi;Basidiomycota;Agaricomycetes;Agaricales;Psathyrellaceae;Psathyrella;Psathyrella_badhyzensis
KC992893	Fungi;Basidiomycota;Agaricomycetes;Agaricales;Psathyrellaceae;Psathyrella;Psathyrella_rybergii
KC992894	Fungi;Basidiomycota;Agaricomycetes;Agaricales;Psathyrellaceae;Psathyrella;Psathyrella_panaeoloides
KC992942	Fungi;Basidiomycota;Agaricomycetes;Agaricales;Psathyrellaceae;Coprinellus;Coprinellus_sclerocystidiosus
KC992944	Fungi;Basidiomycota;Agaricomycetes;Agaricales;Psathyrellaceae;Coprinellus;Coprinellus_christianopolitanus
KF381521	Fungi;Basidiomycota;Agaricomycetes;Agaricales;Hygrophoraceae;Hygroaster;Hygroaster_albellus
KF774136	Fungi;Basidiomycota;Agaricomycetes;Agaricales;Marasmiaceae;Marasmius;Marasmius_macrocystidiosus
KF774137	Fungi;Basidiomycota;Agaricomycetes;Agaricales;Marasmiaceae;Marasmius;Marasmius_nigrodiscus
KJ576811	Fungi;Basidiomycota;Agaricomycetes;Agaricales;Lyophyllaceae;Calocybe;Calocybe_pilosella
KJ701794	Fungi;Basidiomycota;Agaricomycetes;Agaricales;Agaricaceae;Leucoagaricus;Leucoagaricus_lahorensis
KJ701795	Fungi;Basidiomycota;Agaricomycetes;Agaricales;Agaricaceae;Leucoagaricus;Leucoagaricus_lahorensis
KM657892	Fungi;Basidiomycota;Agaricomycetes;Agaricales;Agaricaceae;Agaricus;Agaricus_malangelus
KM657899	Fungi;Basidiomycota;Agaricomycetes;Agaricales;Agaricaceae;Agaricus;Agaricus_karstomyces
KM657920	Fungi;Basidiomycota;Agaricomycetes;Agaricales;Agaricaceae;Agaricus;Agaricus_bisporus
KM657923	Fungi;Basidiomycota;Agaricomycetes;Agaricales;Agaricaceae;Agaricus;Agaricus_xanthodermus
KM657925	Fungi;Basidiomycota;Agaricomycetes;Agaricales;Agaricaceae;Agaricus;Agaricus_xanthodermus
KP096233	Fungi;Basidiomycota;Agaricomycetes;Agaricales;Agaricaceae;Leucoagaricus;Leucoagaricus_subpurpureolilacinus
KP096234	Fungi;Basidiomycota;Agaricomycetes;Agaricales;Agaricaceae;Leucoagaricus;Leucoagaricus_subpurpureolilacinus
KP192536	Fungi;Basidiomycota;Agaricomycetes;Agaricales;Lyophyllaceae;Calocybe;Calocybe_persicolor
KP192564	Fungi;Basidiomycota;Agaricomycetes;Agaricales;Lyophyllaceae;Calocybe;Calocybe_persicolor
KP192590	Fungi;Basidiomycota;Agaricomycetes;Agaricales;Lyophyllaceae;Calocybe;Calocybe_graveolens
KP229416	Fungi;Basidiomycota;Agaricomycetes;Agaricales;Agaricaceae;Agaricus;Agaricus_xanthodermulus
KP229417	Fungi;Basidiomycota;Agaricomycetes;Agaricales;Agaricaceae;Agaricus;Agaricus_xanthodermulus
KP300874	Fungi;Basidiomycota;Agaricomycetes;Agaricales;Agaricaceae;Lepiota;Lepiota_rubrotinctoides
KP300875	Fungi;Basidiomycota;Agaricomycetes;Agaricales;Agaricaceae;Leucoagaricus;Leucoagaricus_rubroconfusus
KP300876	Fungi;Basidiomycota;Agaricomycetes;Agaricales;Agaricaceae;Leucoagaricus;Leucoagaricus_rubrotinctus
KP300877	Fungi;Basidiomycota;Agaricomycetes;Agaricales;Agaricaceae;Leucoagaricus;Leucoagaricus_sp._TENN_0557
KP311432	Fungi;Basidiomycota;Agaricomycetes;Agaricales;Cortinariaceae;Cortinarius;Cortinarius_eartoxicus
KP858000	Fungi;Basidiomycota;Agaricomycetes;Agaricales;Lyophyllaceae;Calocybella;Calocybella_pudica
KP885634	Fungi;Basidiomycota;Agaricomycetes;Agaricales;Lyophyllaceae;Calocybe;Calocybe_hypoxantha
KP885635	Fungi;Basidiomycota;Agaricomycetes;Agaricales;Lyophyllaceae;Calocybe;Calocybe_hypoxantha
KP885639	Fungi;Basidiomycota;Agaricomycetes;Agaricales;Lyophyllaceae;Calocybe;Calocybe_chrysenteron
KP885643	Fungi;Basidiomycota;Agaricomycetes;Agaricales;Lyophyllaceae;Calocybe;Calocybe_naucoria
KP885644	Fungi;Basidiomycota;Agaricomycetes;Agaricales;Lyophyllaceae;Calocybe;Calocybe_onychina
KT284912	Fungi;Basidiomycota;Agaricomycetes;Agaricales;Agaricaceae;Agaricus;Agaricus_atrodiscus
KT875187	Fungi;Basidiomycota;Agaricomycetes;Agaricales;Cortinariaceae;Cortinarius;Cortinarius_lamproxanthus
KT951355	Fungi;Basidiomycota;Agaricomycetes;Agaricales;Agaricaceae;Agaricus;Agaricus_blatteus
KU528826	Fungi;Basidiomycota;Agaricomycetes;Agaricales;Lyophyllaceae;Calocybe;Calocybe_convexa
KU528827	Fungi;Basidiomycota;Agaricomycetes;Agaricales;Lyophyllaceae;Calocybe;Calocybe_convexa
KU528828	Fungi;Basidiomycota;Agaricomycetes;Agaricales;Lyophyllaceae;Calocybe;Calocybe_aurantiaca
KX656997	Fungi;Basidiomycota;Agaricomycetes;Agaricales;Agaricaceae;Agaricus;Agaricus_blatteus
KX656999	Fungi;Basidiomycota;Agaricomycetes;Agaricales;Agaricaceae;Agaricus;Agaricus_dilatostipes
KX657000	Fungi;Basidiomycota;Agaricomycetes;Agaricales;Agaricaceae;Agaricus;Agaricus_dilatostipes
KX684873	Fungi;Basidiomycota;Agaricomycetes;Agaricales;Agaricaceae;Agaricus;Agaricus_dilatostipes
KY287712	Fungi;Basidiomycota;Agaricomycetes;Agaricales;Cortinariaceae;Cortinarius;Cortinarius_rubellus
KY349131	Fungi;Basidiomycota;Agaricomycetes;Agaricales;Inocybaceae;Inocybe;Inocybe_mystica
LRU85316	Fungi;Basidiomycota;Agaricomycetes;Agaricales;Agaricaceae;Leucoagaricus;Leucoagaricus_rubrotinctus
LT220177	Fungi;Basidiomycota;Agaricomycetes;Agaricales;Tricholomataceae;Tricholoma;Tricholoma_magnivelare
MF361839	Fungi;Basidiomycota;Agaricomycetes;Agaricales;Inocybaceae;Inocybe;Inocybe_griseotarda
MG367206	Fungi;Basidiomycota;Agaricomycetes;Agaricales;Psathyrellaceae;Psathyrella;Psathyrella_squamosa
MG734714	Fungi;Basidiomycota;Agaricomycetes;Agaricales;Psathyrellaceae;Psathyrella;Psathyrella_subsingeri
MG734715	Fungi;Basidiomycota;Agaricomycetes;Agaricales;Psathyrellaceae;Psathyrella;Psathyrella_subsingeri
MG734718	Fungi;Basidiomycota;Agaricomycetes;Agaricales;Psathyrellaceae;Psathyrella;Psathyrella_singeri
MG734719	Fungi;Basidiomycota;Agaricomycetes;Agaricales;Psathyrellaceae;Psathyrella;Psathyrella_candolleana
MG734720	Fungi;Basidiomycota;Agaricomycetes;Agaricales;Psathyrellaceae;Psathyrella;Psathyrella_candolleana
MG734724	Fungi;Basidiomycota;Agaricomycetes;Agaricales;Psathyrellaceae;Psathyrella;Psathyrella_amaura
MG734725	Fungi;Basidiomycota;Agaricomycetes;Agaricales;Psathyrellaceae;Psathyrella;Psathyrella_subsingeri
MG734729	Fungi;Basidiomycota;Agaricomycetes;Agaricales;Psathyrellaceae;Psathyrella;Psathyrella_squamosa
MG734733	Fungi;Basidiomycota;Agaricomycetes;Agaricales;Psathyrellaceae;Psathyrella;Psathyrella_panaeoloides
MG734736	Fungi;Basidiomycota;Agaricomycetes;Agaricales;Psathyrellaceae;Psathyrella;Psathyrella_luteopallida
MG734742	Fungi;Basidiomycota;Agaricomycetes;Agaricales;Psathyrellaceae;Psathyrella;Psathyrella_subsingeri
MG734744	Fungi;Basidiomycota;Agaricomycetes;Agaricales;Psathyrellaceae;Psathyrella;Psathyrella_pygmaea
MH366625	Fungi;Basidiomycota;Agaricomycetes;Agaricales;Inocybaceae;Inocybe;Inocybe_venustissima
MH366626	Fungi;Basidiomycota;Agaricomycetes;Agaricales;Inocybaceae;Inocybe;Inocybe_venustissima
MH366627	Fungi;Basidiomycota;Agaricomycetes;Agaricales;Inocybaceae;Inocybe;Inocybe_venustissima
MH366628	Fungi;Basidiomycota;Agaricomycetes;Agaricales;Inocybaceae;Inocybe;Inocybe_venustissima
MH366629	Fungi;Basidiomycota;Agaricomycetes;Agaricales;Inocybaceae;Inocybe;Inocybe_venustissima
MH428836	Fungi;Basidiomycota;Agaricomycetes;Agaricales;;Lepista;Lepista_nuda
MH428841	Fungi;Basidiomycota;Agaricomycetes;Agaricales;;Lepista;Lepista_nuda
MH997904	Fungi;Basidiomycota;Agaricomycetes;Agaricales;Agaricaceae;Agaricus;Agaricus_atroumbonatus
MH997905	Fungi;Basidiomycota;Agaricomycetes;Agaricales;Agaricaceae;Agaricus;Agaricus_atroumbonatus
MK116588	Fungi;Basidiomycota;Agaricomycetes;Agaricales;;Lepista;Lepista_densifolia
MK116590	Fungi;Basidiomycota;Agaricomycetes;Agaricales;;Lepista;Lepista_irina
MK116591	Fungi;Basidiomycota;Agaricomycetes;Agaricales;;Lepista;Lepista_irina
MK116593	Fungi;Basidiomycota;Agaricomycetes;Agaricales;;Lepista;Lepista_nuda
MK116594	Fungi;Basidiomycota;Agaricomycetes;Agaricales;;Lepista;Lepista_nuda
MK116596	Fungi;Basidiomycota;Agaricomycetes;Agaricales;;Lepista;Lepista_panaeola
MK116597	Fungi;Basidiomycota;Agaricomycetes;Agaricales;;Lepista;Lepista_panaeola
MK116598	Fungi;Basidiomycota;Agaricomycetes;Agaricales;;Lepista;Lepista_panaeola
MK116599	Fungi;Basidiomycota;Agaricomycetes;Agaricales;;Lepista;Lepista_panaeola
MK116600	Fungi;Basidiomycota;Agaricomycetes;Agaricales;;Lepista;Lepista_panaeola
MK116601	Fungi;Basidiomycota;Agaricomycetes;Agaricales;;Lepista;Lepista_panaeola
MK116602	Fungi;Basidiomycota;Agaricomycetes;Agaricales;;Lepista;Lepista_saeva
MK116603	Fungi;Basidiomycota;Agaricomycetes;Agaricales;;Lepista;Lepista_saeva
MK116605	Fungi;Basidiomycota;Agaricomycetes;Agaricales;;Lepista;Lepista_sordida
MK116606	Fungi;Basidiomycota;Agaricomycetes;Agaricales;;Lepista;Lepista_sordida
MK116608	Fungi;Basidiomycota;Agaricomycetes;Agaricales;;Lepista;Lepista_sordida
MK116611	Fungi;Basidiomycota;Agaricomycetes;Agaricales;;Lepista;Lepista_sp._1
MK116612	Fungi;Basidiomycota;Agaricomycetes;Agaricales;;Lepista;Lepista_sp._1
MK116613	Fungi;Basidiomycota;Agaricomycetes;Agaricales;;Lepista;Lepista_sp._1
MK116616	Fungi;Basidiomycota;Agaricomycetes;Agaricales;;Lepista;Lepista_sp._2
MK116617	Fungi;Basidiomycota;Agaricomycetes;Agaricales;;Lepista;Lepista_sp._2
MN751482	Fungi;Basidiomycota;Agaricomycetes;Agaricales;Cortinariaceae;Cortinarius;Cortinarius_rubellus
MN751483	Fungi;Basidiomycota;Agaricomycetes;Agaricales;Cortinariaceae;Cortinarius;Cortinarius_rubellus
MN751485	Fungi;Basidiomycota;Agaricomycetes;Agaricales;Cortinariaceae;Cortinarius;Cortinarius_rubellus
MW504987	Fungi;Basidiomycota;Agaricomycetes;Agaricales;Agaricaceae;Agaricus;Agaricus_atrodiscus
MW845282	Fungi;Basidiomycota;Agaricomycetes;Agaricales;Cortinariaceae;Cortinarius;Cortinarius_rubellus
MZ087882	Fungi;Basidiomycota;Agaricomycetes;Agaricales;Cortinariaceae;Cortinarius;Cortinarius_aff._rubellus
NR_119528	Fungi;Basidiomycota;Agaricomycetes;Agaricales;Agaricaceae;Agaricus;Agaricus_xanthodermulus
NR_119897	Fungi;Basidiomycota;Agaricomycetes;Agaricales;Hygrophoraceae;Hygrocybe;Hygrocybe_singeri
NR_130262	Fungi;Basidiomycota;Agaricomycetes;Agaricales;Cortinariaceae;Cortinarius;Cortinarius_scaurus
NR_131807	Fungi;Basidiomycota;Agaricomycetes;Agaricales;Cortinariaceae;Cortinarius;Cortinarius_orellanosus
NR_138007	Fungi;Basidiomycota;Agaricomycetes;Agaricales;Agaricaceae;Agaricus;Agaricus_atrodiscus
NR_145004	Fungi;Basidiomycota;Agaricomycetes;Agaricales;Agaricaceae;Agaricus;Agaricus_daliensis
NR_148106	Fungi;Basidiomycota;Agaricomycetes;Agaricales;Psathyrellaceae;Psathyrella;Psathyrella_cacao
NR_160505	Fungi;Basidiomycota;Agaricomycetes;Agaricales;Psathyrellaceae;Psathyrella;Psathyrella_subsingeri
NR_103631	Fungi;Mucoromycota;Mucoromycetes;Mucorales;Mucoraceae;Mucor;Mucor_strictus
NR_178158	Fungi;Mucoromycota;Mucoromycetes;Mucorales;Mucoraceae;Mucor;Mucor_takensis
NR_152951	Fungi;Mucoromycota;Mucoromycetes;Mucorales;Mucoraceae;Mucor;Mucor_variisporus
NR_111682	Fungi;Mucoromycota;Mucoromycetes;Mucorales;Mucoraceae;Mucor;Mucor_velutinosus
NR_103638	Fungi;Mucoromycota;Mucoromycetes;Mucorales;Mucoraceae;Mucor;Mucor_zonatus
NR_103641	Fungi;Mucoromycota;Mucoromycetes;Mucorales;Mucoraceae;Mucor;Mucor_zychae
